[{"model": "infrastructure.geography", "pk": 1, "fields": {"name": "Faroe Islands", "description": "", "created_at": "2025-03-14T13:01:14.903Z", "updated_at": "2025-03-14T13:01:14.903Z"}}, {"model": "infrastructure.geography", "pk": 2, "fields": {"name": "Scotland", "description": "", "created_at": "2025-03-14T13:01:20.620Z", "updated_at": "2025-03-14T13:01:20.620Z"}}, {"model": "infrastructure.area", "pk": 1, "fields": {"name": "A57 - Fuglafjørður", "geography": 1, "latitude": "62.223219", "longitude": "-6.792812", "max_biomass": "20000000.00", "active": true, "created_at": "2025-03-14T13:02:57.799Z", "updated_at": "2025-03-14T13:02:57.799Z"}}, {"model": "infrastructure.freshwaterstation", "pk": 1, "fields": {"name": "S24 - Á Strond", "station_type": "FRESHWATER", "geography": 1, "latitude": "62.265614", "longitude": "-6.586196", "description": "", "active": true, "created_at": "2025-03-14T13:02:05.877Z", "updated_at": "2025-03-14T13:02:05.877Z"}}, {"model": "infrastructure.hall", "pk": 1, "fields": {"name": "Hall A", "freshwater_station": 1, "description": "Hall A in S24 - Á Strond", "area_sqm": null, "active": true, "created_at": "2025-03-17T13:07:49.476Z", "updated_at": "2025-03-17T13:07:49.476Z"}}, {"model": "infrastructure.hall", "pk": 2, "fields": {"name": "Hall B", "freshwater_station": 1, "description": "Hall B in S24 - Á Strond", "area_sqm": null, "active": true, "created_at": "2025-03-17T13:07:49.503Z", "updated_at": "2025-03-17T13:07:49.503Z"}}, {"model": "infrastructure.hall", "pk": 3, "fields": {"name": "Hall C", "freshwater_station": 1, "description": "Hall C in S24 - Á Strond", "area_sqm": null, "active": true, "created_at": "2025-03-17T13:07:49.505Z", "updated_at": "2025-03-17T13:07:49.505Z"}}, {"model": "infrastructure.hall", "pk": 4, "fields": {"name": "Hall D", "freshwater_station": 1, "description": "Hall D in S24 - Á Strond", "area_sqm": null, "active": true, "created_at": "2025-03-17T13:07:49.507Z", "updated_at": "2025-03-17T13:07:49.507Z"}}, {"model": "infrastructure.hall", "pk": 5, "fields": {"name": "Hall E", "freshwater_station": 1, "description": "Hall E in S24 - Á Strond", "area_sqm": null, "active": true, "created_at": "2025-03-17T13:07:49.509Z", "updated_at": "2025-03-17T13:07:49.509Z"}}, {"model": "infrastructure.hall", "pk": 6, "fields": {"name": "Hall F", "freshwater_station": 1, "description": "Hall F in S24 - Á Strond", "area_sqm": null, "active": true, "created_at": "2025-03-17T13:07:49.511Z", "updated_at": "2025-03-17T13:07:49.511Z"}}, {"model": "infrastructure.hall", "pk": 7, "fields": {"name": "Hall G", "freshwater_station": 1, "description": "Hall G in S24 - Á Strond", "area_sqm": null, "active": true, "created_at": "2025-03-17T13:07:49.513Z", "updated_at": "2025-03-17T13:07:49.513Z"}}, {"model": "infrastructure.hall", "pk": 8, "fields": {"name": "Hall H", "freshwater_station": 1, "description": "Hall H in S24 - Á Strond", "area_sqm": null, "active": true, "created_at": "2025-03-17T13:07:49.514Z", "updated_at": "2025-03-17T13:07:49.514Z"}}, {"model": "infrastructure.hall", "pk": 9, "fields": {"name": "Hall I", "freshwater_station": 1, "description": "Hall I in S24 - Á Strond", "area_sqm": null, "active": true, "created_at": "2025-03-17T13:07:49.516Z", "updated_at": "2025-03-17T13:07:49.516Z"}}, {"model": "infrastructure.hall", "pk": 10, "fields": {"name": "Hall J", "freshwater_station": 1, "description": "Hall J in S24 - Á Strond", "area_sqm": null, "active": true, "created_at": "2025-03-17T13:07:49.517Z", "updated_at": "2025-03-17T13:07:49.517Z"}}, {"model": "infrastructure.hall", "pk": 11, "fields": {"name": "Hall K", "freshwater_station": 1, "description": "Hall K in S24 - Á Strond", "area_sqm": null, "active": true, "created_at": "2025-03-17T13:07:49.519Z", "updated_at": "2025-03-17T13:07:49.519Z"}}, {"model": "infrastructure.containertype", "pk": 8, "fields": {"name": "Egg&Alevin Trays", "category": "TRAY", "max_volume_m3": "3.00", "description": "", "created_at": "2025-03-14T13:06:07.234Z", "updated_at": "2025-03-14T13:06:07.234Z"}}, {"model": "infrastructure.containertype", "pk": 9, "fields": {"name": "Fry Rearing Tanks", "category": "TANK", "max_volume_m3": "15.00", "description": "", "created_at": "2025-03-14T13:06:24.097Z", "updated_at": "2025-03-14T13:06:24.097Z"}}, {"model": "infrastructure.containertype", "pk": 10, "fields": {"name": "Parr Rearing Tanks", "category": "TANK", "max_volume_m3": "50.00", "description": "", "created_at": "2025-03-14T13:06:43.294Z", "updated_at": "2025-03-14T13:06:43.294Z"}}, {"model": "infrastructure.containertype", "pk": 11, "fields": {"name": "Smolt Tanks", "category": "TANK", "max_volume_m3": "400.00", "description": "", "created_at": "2025-03-14T13:07:03.987Z", "updated_at": "2025-03-14T13:07:03.987Z"}}, {"model": "infrastructure.containertype", "pk": 12, "fields": {"name": "Post-Smolt Tanks", "category": "TANK", "max_volume_m3": "1200.00", "description": "", "created_at": "2025-03-14T13:07:15.961Z", "updated_at": "2025-03-14T13:07:15.961Z"}}, {"model": "infrastructure.containertype", "pk": 13, "fields": {"name": "Sea Pens", "category": "PEN", "max_volume_m3": "50000.00", "description": "", "created_at": "2025-03-14T13:07:52.352Z", "updated_at": "2025-03-14T13:07:52.352Z"}}, {"model": "infrastructure.container", "pk": 1, "fields": {"name": "A-Tray01", "container_type": 8, "hall": 1, "area": null, "volume_m3": "3.00", "max_biomass_kg": "15.00", "active": true, "created_at": "2025-03-17T13:07:49.540Z", "updated_at": "2025-03-17T13:07:49.540Z"}}, {"model": "infrastructure.container", "pk": 2, "fields": {"name": "A-Tray02", "container_type": 8, "hall": 1, "area": null, "volume_m3": "3.00", "max_biomass_kg": "15.00", "active": true, "created_at": "2025-03-17T13:07:49.555Z", "updated_at": "2025-03-17T13:07:49.555Z"}}, {"model": "infrastructure.container", "pk": 3, "fields": {"name": "A-Tray03", "container_type": 8, "hall": 1, "area": null, "volume_m3": "3.00", "max_biomass_kg": "15.00", "active": true, "created_at": "2025-03-17T13:07:49.556Z", "updated_at": "2025-03-17T13:07:49.556Z"}}, {"model": "infrastructure.container", "pk": 4, "fields": {"name": "A-Tray04", "container_type": 8, "hall": 1, "area": null, "volume_m3": "3.00", "max_biomass_kg": "15.00", "active": true, "created_at": "2025-03-17T13:07:49.558Z", "updated_at": "2025-03-17T13:07:49.558Z"}}, {"model": "infrastructure.container", "pk": 5, "fields": {"name": "A-Tray05", "container_type": 8, "hall": 1, "area": null, "volume_m3": "3.00", "max_biomass_kg": "15.00", "active": true, "created_at": "2025-03-17T13:07:49.559Z", "updated_at": "2025-03-17T13:07:49.559Z"}}, {"model": "infrastructure.container", "pk": 6, "fields": {"name": "A-Tray06", "container_type": 8, "hall": 1, "area": null, "volume_m3": "3.00", "max_biomass_kg": "15.00", "active": true, "created_at": "2025-03-17T13:07:49.561Z", "updated_at": "2025-03-17T13:07:49.561Z"}}, {"model": "infrastructure.container", "pk": 7, "fields": {"name": "A-Tray07", "container_type": 8, "hall": 1, "area": null, "volume_m3": "3.00", "max_biomass_kg": "15.00", "active": true, "created_at": "2025-03-17T13:07:49.562Z", "updated_at": "2025-03-17T13:07:49.562Z"}}, {"model": "infrastructure.container", "pk": 8, "fields": {"name": "A-Tray08", "container_type": 8, "hall": 1, "area": null, "volume_m3": "3.00", "max_biomass_kg": "15.00", "active": true, "created_at": "2025-03-17T13:07:49.564Z", "updated_at": "2025-03-17T13:07:49.564Z"}}, {"model": "infrastructure.container", "pk": 9, "fields": {"name": "A-Tray09", "container_type": 8, "hall": 1, "area": null, "volume_m3": "3.00", "max_biomass_kg": "15.00", "active": true, "created_at": "2025-03-17T13:07:49.566Z", "updated_at": "2025-03-17T13:07:49.566Z"}}, {"model": "infrastructure.container", "pk": 10, "fields": {"name": "A-Tray10", "container_type": 8, "hall": 1, "area": null, "volume_m3": "3.00", "max_biomass_kg": "15.00", "active": true, "created_at": "2025-03-17T13:07:49.567Z", "updated_at": "2025-03-17T13:07:49.567Z"}}, {"model": "infrastructure.container", "pk": 11, "fields": {"name": "A-Tray11", "container_type": 8, "hall": 1, "area": null, "volume_m3": "3.00", "max_biomass_kg": "15.00", "active": true, "created_at": "2025-03-17T13:07:49.568Z", "updated_at": "2025-03-17T13:07:49.568Z"}}, {"model": "infrastructure.container", "pk": 12, "fields": {"name": "A-Tray12", "container_type": 8, "hall": 1, "area": null, "volume_m3": "3.00", "max_biomass_kg": "15.00", "active": true, "created_at": "2025-03-17T13:07:49.570Z", "updated_at": "2025-03-17T13:07:49.570Z"}}, {"model": "infrastructure.container", "pk": 13, "fields": {"name": "A-Tray13", "container_type": 8, "hall": 1, "area": null, "volume_m3": "3.00", "max_biomass_kg": "15.00", "active": true, "created_at": "2025-03-17T13:07:49.572Z", "updated_at": "2025-03-17T13:07:49.572Z"}}, {"model": "infrastructure.container", "pk": 14, "fields": {"name": "A-Tray14", "container_type": 8, "hall": 1, "area": null, "volume_m3": "3.00", "max_biomass_kg": "15.00", "active": true, "created_at": "2025-03-17T13:07:49.573Z", "updated_at": "2025-03-17T13:07:49.573Z"}}, {"model": "infrastructure.container", "pk": 15, "fields": {"name": "A-Tray15", "container_type": 8, "hall": 1, "area": null, "volume_m3": "3.00", "max_biomass_kg": "15.00", "active": true, "created_at": "2025-03-17T13:07:49.575Z", "updated_at": "2025-03-17T13:07:49.575Z"}}, {"model": "infrastructure.container", "pk": 16, "fields": {"name": "A-Tray16", "container_type": 8, "hall": 1, "area": null, "volume_m3": "3.00", "max_biomass_kg": "15.00", "active": true, "created_at": "2025-03-17T13:07:49.576Z", "updated_at": "2025-03-17T13:07:49.576Z"}}, {"model": "infrastructure.container", "pk": 17, "fields": {"name": "A-Tray17", "container_type": 8, "hall": 1, "area": null, "volume_m3": "3.00", "max_biomass_kg": "15.00", "active": true, "created_at": "2025-03-17T13:07:49.578Z", "updated_at": "2025-03-17T13:07:49.578Z"}}, {"model": "infrastructure.container", "pk": 18, "fields": {"name": "A-Tray18", "container_type": 8, "hall": 1, "area": null, "volume_m3": "3.00", "max_biomass_kg": "15.00", "active": true, "created_at": "2025-03-17T13:07:49.579Z", "updated_at": "2025-03-17T13:07:49.579Z"}}, {"model": "infrastructure.container", "pk": 19, "fields": {"name": "A-Tray19", "container_type": 8, "hall": 1, "area": null, "volume_m3": "3.00", "max_biomass_kg": "15.00", "active": true, "created_at": "2025-03-17T13:07:49.581Z", "updated_at": "2025-03-17T13:07:49.581Z"}}, {"model": "infrastructure.container", "pk": 20, "fields": {"name": "A-Tray20", "container_type": 8, "hall": 1, "area": null, "volume_m3": "3.00", "max_biomass_kg": "15.00", "active": true, "created_at": "2025-03-17T13:07:49.582Z", "updated_at": "2025-03-17T13:07:49.582Z"}}, {"model": "infrastructure.container", "pk": 21, "fields": {"name": "A-Tray21", "container_type": 8, "hall": 1, "area": null, "volume_m3": "3.00", "max_biomass_kg": "15.00", "active": true, "created_at": "2025-03-17T13:07:49.584Z", "updated_at": "2025-03-17T13:07:49.584Z"}}, {"model": "infrastructure.container", "pk": 22, "fields": {"name": "A-Tray22", "container_type": 8, "hall": 1, "area": null, "volume_m3": "3.00", "max_biomass_kg": "15.00", "active": true, "created_at": "2025-03-17T13:07:49.585Z", "updated_at": "2025-03-17T13:07:49.585Z"}}, {"model": "infrastructure.container", "pk": 23, "fields": {"name": "A-Tray23", "container_type": 8, "hall": 1, "area": null, "volume_m3": "3.00", "max_biomass_kg": "15.00", "active": true, "created_at": "2025-03-17T13:07:49.587Z", "updated_at": "2025-03-17T13:07:49.587Z"}}, {"model": "infrastructure.container", "pk": 24, "fields": {"name": "A-Tray24", "container_type": 8, "hall": 1, "area": null, "volume_m3": "3.00", "max_biomass_kg": "15.00", "active": true, "created_at": "2025-03-17T13:07:49.588Z", "updated_at": "2025-03-17T13:07:49.588Z"}}, {"model": "infrastructure.container", "pk": 25, "fields": {"name": "A-Tray25", "container_type": 8, "hall": 1, "area": null, "volume_m3": "3.00", "max_biomass_kg": "15.00", "active": true, "created_at": "2025-03-17T13:07:49.590Z", "updated_at": "2025-03-17T13:07:49.590Z"}}, {"model": "infrastructure.container", "pk": 26, "fields": {"name": "A-Tray26", "container_type": 8, "hall": 1, "area": null, "volume_m3": "3.00", "max_biomass_kg": "15.00", "active": true, "created_at": "2025-03-17T13:07:49.592Z", "updated_at": "2025-03-17T13:07:49.592Z"}}, {"model": "infrastructure.container", "pk": 27, "fields": {"name": "A-Tray27", "container_type": 8, "hall": 1, "area": null, "volume_m3": "3.00", "max_biomass_kg": "15.00", "active": true, "created_at": "2025-03-17T13:07:49.593Z", "updated_at": "2025-03-17T13:07:49.593Z"}}, {"model": "infrastructure.container", "pk": 28, "fields": {"name": "A-Tray28", "container_type": 8, "hall": 1, "area": null, "volume_m3": "3.00", "max_biomass_kg": "15.00", "active": true, "created_at": "2025-03-17T13:07:49.595Z", "updated_at": "2025-03-17T13:07:49.595Z"}}, {"model": "infrastructure.container", "pk": 29, "fields": {"name": "A-Tray29", "container_type": 8, "hall": 1, "area": null, "volume_m3": "3.00", "max_biomass_kg": "15.00", "active": true, "created_at": "2025-03-17T13:07:49.596Z", "updated_at": "2025-03-17T13:07:49.596Z"}}, {"model": "infrastructure.container", "pk": 30, "fields": {"name": "A-Tray30", "container_type": 8, "hall": 1, "area": null, "volume_m3": "3.00", "max_biomass_kg": "15.00", "active": true, "created_at": "2025-03-17T13:07:49.597Z", "updated_at": "2025-03-17T13:07:49.598Z"}}, {"model": "infrastructure.container", "pk": 31, "fields": {"name": "A-Tray31", "container_type": 8, "hall": 1, "area": null, "volume_m3": "3.00", "max_biomass_kg": "15.00", "active": true, "created_at": "2025-03-17T13:07:49.599Z", "updated_at": "2025-03-17T13:07:49.599Z"}}, {"model": "infrastructure.container", "pk": 32, "fields": {"name": "A-Tray32", "container_type": 8, "hall": 1, "area": null, "volume_m3": "3.00", "max_biomass_kg": "15.00", "active": true, "created_at": "2025-03-17T13:07:49.601Z", "updated_at": "2025-03-17T13:07:49.601Z"}}, {"model": "infrastructure.container", "pk": 33, "fields": {"name": "A-Tray33", "container_type": 8, "hall": 1, "area": null, "volume_m3": "3.00", "max_biomass_kg": "15.00", "active": true, "created_at": "2025-03-17T13:07:49.602Z", "updated_at": "2025-03-17T13:07:49.602Z"}}, {"model": "infrastructure.container", "pk": 34, "fields": {"name": "A-Tray34", "container_type": 8, "hall": 1, "area": null, "volume_m3": "3.00", "max_biomass_kg": "15.00", "active": true, "created_at": "2025-03-17T13:07:49.603Z", "updated_at": "2025-03-17T13:07:49.603Z"}}, {"model": "infrastructure.container", "pk": 35, "fields": {"name": "A-Tray35", "container_type": 8, "hall": 1, "area": null, "volume_m3": "3.00", "max_biomass_kg": "15.00", "active": true, "created_at": "2025-03-17T13:07:49.605Z", "updated_at": "2025-03-17T13:07:49.605Z"}}, {"model": "infrastructure.container", "pk": 36, "fields": {"name": "A-Tray36", "container_type": 8, "hall": 1, "area": null, "volume_m3": "3.00", "max_biomass_kg": "15.00", "active": true, "created_at": "2025-03-17T13:07:49.606Z", "updated_at": "2025-03-17T13:07:49.606Z"}}, {"model": "infrastructure.container", "pk": 37, "fields": {"name": "A-Tray37", "container_type": 8, "hall": 1, "area": null, "volume_m3": "3.00", "max_biomass_kg": "15.00", "active": true, "created_at": "2025-03-17T13:07:49.607Z", "updated_at": "2025-03-17T13:07:49.607Z"}}, {"model": "infrastructure.container", "pk": 38, "fields": {"name": "A-Tray38", "container_type": 8, "hall": 1, "area": null, "volume_m3": "3.00", "max_biomass_kg": "15.00", "active": true, "created_at": "2025-03-17T13:07:49.609Z", "updated_at": "2025-03-17T13:07:49.609Z"}}, {"model": "infrastructure.container", "pk": 39, "fields": {"name": "A-Tray39", "container_type": 8, "hall": 1, "area": null, "volume_m3": "3.00", "max_biomass_kg": "15.00", "active": true, "created_at": "2025-03-17T13:07:49.610Z", "updated_at": "2025-03-17T13:07:49.610Z"}}, {"model": "infrastructure.container", "pk": 40, "fields": {"name": "A-Tray40", "container_type": 8, "hall": 1, "area": null, "volume_m3": "3.00", "max_biomass_kg": "15.00", "active": true, "created_at": "2025-03-17T13:07:49.612Z", "updated_at": "2025-03-17T13:07:49.612Z"}}, {"model": "infrastructure.container", "pk": 41, "fields": {"name": "A-Tray41", "container_type": 8, "hall": 1, "area": null, "volume_m3": "3.00", "max_biomass_kg": "15.00", "active": true, "created_at": "2025-03-17T13:07:49.613Z", "updated_at": "2025-03-17T13:07:49.613Z"}}, {"model": "infrastructure.container", "pk": 42, "fields": {"name": "A-Tray42", "container_type": 8, "hall": 1, "area": null, "volume_m3": "3.00", "max_biomass_kg": "15.00", "active": true, "created_at": "2025-03-17T13:07:49.615Z", "updated_at": "2025-03-17T13:07:49.615Z"}}, {"model": "infrastructure.container", "pk": 43, "fields": {"name": "A-Tray43", "container_type": 8, "hall": 1, "area": null, "volume_m3": "3.00", "max_biomass_kg": "15.00", "active": true, "created_at": "2025-03-17T13:07:49.616Z", "updated_at": "2025-03-17T13:07:49.616Z"}}, {"model": "infrastructure.container", "pk": 44, "fields": {"name": "A-Tray44", "container_type": 8, "hall": 1, "area": null, "volume_m3": "3.00", "max_biomass_kg": "15.00", "active": true, "created_at": "2025-03-17T13:07:49.617Z", "updated_at": "2025-03-17T13:07:49.617Z"}}, {"model": "infrastructure.container", "pk": 45, "fields": {"name": "A-Tray45", "container_type": 8, "hall": 1, "area": null, "volume_m3": "3.00", "max_biomass_kg": "15.00", "active": true, "created_at": "2025-03-17T13:07:49.619Z", "updated_at": "2025-03-17T13:07:49.619Z"}}, {"model": "infrastructure.container", "pk": 46, "fields": {"name": "A-Tray46", "container_type": 8, "hall": 1, "area": null, "volume_m3": "3.00", "max_biomass_kg": "15.00", "active": true, "created_at": "2025-03-17T13:07:49.621Z", "updated_at": "2025-03-17T13:07:49.621Z"}}, {"model": "infrastructure.container", "pk": 47, "fields": {"name": "A-Tray47", "container_type": 8, "hall": 1, "area": null, "volume_m3": "3.00", "max_biomass_kg": "15.00", "active": true, "created_at": "2025-03-17T13:07:49.622Z", "updated_at": "2025-03-17T13:07:49.622Z"}}, {"model": "infrastructure.container", "pk": 48, "fields": {"name": "A-Tray48", "container_type": 8, "hall": 1, "area": null, "volume_m3": "3.00", "max_biomass_kg": "15.00", "active": true, "created_at": "2025-03-17T13:07:49.623Z", "updated_at": "2025-03-17T13:07:49.623Z"}}, {"model": "infrastructure.container", "pk": 49, "fields": {"name": "A-Tray49", "container_type": 8, "hall": 1, "area": null, "volume_m3": "3.00", "max_biomass_kg": "15.00", "active": true, "created_at": "2025-03-17T13:07:49.625Z", "updated_at": "2025-03-17T13:07:49.625Z"}}, {"model": "infrastructure.container", "pk": 50, "fields": {"name": "A-Tray50", "container_type": 8, "hall": 1, "area": null, "volume_m3": "3.00", "max_biomass_kg": "15.00", "active": true, "created_at": "2025-03-17T13:07:49.626Z", "updated_at": "2025-03-17T13:07:49.626Z"}}, {"model": "infrastructure.container", "pk": 51, "fields": {"name": "B-Fry01", "container_type": 9, "hall": 2, "area": null, "volume_m3": "15.00", "max_biomass_kg": "150.00", "active": true, "created_at": "2025-03-17T13:07:49.628Z", "updated_at": "2025-03-17T13:07:49.628Z"}}, {"model": "infrastructure.container", "pk": 52, "fields": {"name": "B-Fry02", "container_type": 9, "hall": 2, "area": null, "volume_m3": "15.00", "max_biomass_kg": "150.00", "active": true, "created_at": "2025-03-17T13:07:49.629Z", "updated_at": "2025-03-17T13:07:49.629Z"}}, {"model": "infrastructure.container", "pk": 53, "fields": {"name": "B-Fry03", "container_type": 9, "hall": 2, "area": null, "volume_m3": "15.00", "max_biomass_kg": "150.00", "active": true, "created_at": "2025-03-17T13:07:49.631Z", "updated_at": "2025-03-17T13:07:49.631Z"}}, {"model": "infrastructure.container", "pk": 54, "fields": {"name": "B-Fry04", "container_type": 9, "hall": 2, "area": null, "volume_m3": "15.00", "max_biomass_kg": "150.00", "active": true, "created_at": "2025-03-17T13:07:49.632Z", "updated_at": "2025-03-17T13:07:49.632Z"}}, {"model": "infrastructure.container", "pk": 55, "fields": {"name": "B-Fry05", "container_type": 9, "hall": 2, "area": null, "volume_m3": "15.00", "max_biomass_kg": "150.00", "active": true, "created_at": "2025-03-17T13:07:49.634Z", "updated_at": "2025-03-17T13:07:49.634Z"}}, {"model": "infrastructure.container", "pk": 56, "fields": {"name": "B-Fry06", "container_type": 9, "hall": 2, "area": null, "volume_m3": "15.00", "max_biomass_kg": "150.00", "active": true, "created_at": "2025-03-17T13:07:49.635Z", "updated_at": "2025-03-17T13:07:49.635Z"}}, {"model": "infrastructure.container", "pk": 57, "fields": {"name": "B-Fry07", "container_type": 9, "hall": 2, "area": null, "volume_m3": "15.00", "max_biomass_kg": "150.00", "active": true, "created_at": "2025-03-17T13:07:49.637Z", "updated_at": "2025-03-17T13:07:49.637Z"}}, {"model": "infrastructure.container", "pk": 58, "fields": {"name": "B-Fry08", "container_type": 9, "hall": 2, "area": null, "volume_m3": "15.00", "max_biomass_kg": "150.00", "active": true, "created_at": "2025-03-17T13:07:49.638Z", "updated_at": "2025-03-17T13:07:49.638Z"}}, {"model": "infrastructure.container", "pk": 59, "fields": {"name": "B-Fry09", "container_type": 9, "hall": 2, "area": null, "volume_m3": "15.00", "max_biomass_kg": "150.00", "active": true, "created_at": "2025-03-17T13:07:49.640Z", "updated_at": "2025-03-17T13:07:49.640Z"}}, {"model": "infrastructure.container", "pk": 60, "fields": {"name": "B-Fry10", "container_type": 9, "hall": 2, "area": null, "volume_m3": "15.00", "max_biomass_kg": "150.00", "active": true, "created_at": "2025-03-17T13:07:49.642Z", "updated_at": "2025-03-17T13:07:49.642Z"}}, {"model": "infrastructure.container", "pk": 61, "fields": {"name": "B-Fry11", "container_type": 9, "hall": 2, "area": null, "volume_m3": "15.00", "max_biomass_kg": "150.00", "active": true, "created_at": "2025-03-17T13:07:49.643Z", "updated_at": "2025-03-17T13:07:49.643Z"}}, {"model": "infrastructure.container", "pk": 62, "fields": {"name": "B-Fry12", "container_type": 9, "hall": 2, "area": null, "volume_m3": "15.00", "max_biomass_kg": "150.00", "active": true, "created_at": "2025-03-17T13:07:49.644Z", "updated_at": "2025-03-17T13:07:49.644Z"}}, {"model": "infrastructure.container", "pk": 63, "fields": {"name": "C-Fry01", "container_type": 9, "hall": 3, "area": null, "volume_m3": "15.00", "max_biomass_kg": "150.00", "active": true, "created_at": "2025-03-17T13:07:49.646Z", "updated_at": "2025-03-17T13:07:49.646Z"}}, {"model": "infrastructure.container", "pk": 64, "fields": {"name": "C-Fry02", "container_type": 9, "hall": 3, "area": null, "volume_m3": "15.00", "max_biomass_kg": "150.00", "active": true, "created_at": "2025-03-17T13:07:49.647Z", "updated_at": "2025-03-17T13:07:49.647Z"}}, {"model": "infrastructure.container", "pk": 65, "fields": {"name": "C-Fry03", "container_type": 9, "hall": 3, "area": null, "volume_m3": "15.00", "max_biomass_kg": "150.00", "active": true, "created_at": "2025-03-17T13:07:49.648Z", "updated_at": "2025-03-17T13:07:49.648Z"}}, {"model": "infrastructure.container", "pk": 66, "fields": {"name": "C-Fry04", "container_type": 9, "hall": 3, "area": null, "volume_m3": "15.00", "max_biomass_kg": "150.00", "active": true, "created_at": "2025-03-17T13:07:49.650Z", "updated_at": "2025-03-17T13:07:49.650Z"}}, {"model": "infrastructure.container", "pk": 67, "fields": {"name": "C-Fry05", "container_type": 9, "hall": 3, "area": null, "volume_m3": "15.00", "max_biomass_kg": "150.00", "active": true, "created_at": "2025-03-17T13:07:49.652Z", "updated_at": "2025-03-17T13:07:49.652Z"}}, {"model": "infrastructure.container", "pk": 68, "fields": {"name": "C-Fry06", "container_type": 9, "hall": 3, "area": null, "volume_m3": "15.00", "max_biomass_kg": "150.00", "active": true, "created_at": "2025-03-17T13:07:49.653Z", "updated_at": "2025-03-17T13:07:49.653Z"}}, {"model": "infrastructure.container", "pk": 69, "fields": {"name": "C-Fry07", "container_type": 9, "hall": 3, "area": null, "volume_m3": "15.00", "max_biomass_kg": "150.00", "active": true, "created_at": "2025-03-17T13:07:49.654Z", "updated_at": "2025-03-17T13:07:49.654Z"}}, {"model": "infrastructure.container", "pk": 70, "fields": {"name": "C-Fry08", "container_type": 9, "hall": 3, "area": null, "volume_m3": "15.00", "max_biomass_kg": "150.00", "active": true, "created_at": "2025-03-17T13:07:49.655Z", "updated_at": "2025-03-17T13:07:49.655Z"}}, {"model": "infrastructure.container", "pk": 71, "fields": {"name": "C-Fry09", "container_type": 9, "hall": 3, "area": null, "volume_m3": "15.00", "max_biomass_kg": "150.00", "active": true, "created_at": "2025-03-17T13:07:49.657Z", "updated_at": "2025-03-17T13:07:49.657Z"}}, {"model": "infrastructure.container", "pk": 72, "fields": {"name": "C-Fry10", "container_type": 9, "hall": 3, "area": null, "volume_m3": "15.00", "max_biomass_kg": "150.00", "active": true, "created_at": "2025-03-17T13:07:49.658Z", "updated_at": "2025-03-17T13:07:49.658Z"}}, {"model": "infrastructure.container", "pk": 73, "fields": {"name": "C-Fry11", "container_type": 9, "hall": 3, "area": null, "volume_m3": "15.00", "max_biomass_kg": "150.00", "active": true, "created_at": "2025-03-17T13:07:49.659Z", "updated_at": "2025-03-17T13:07:49.659Z"}}, {"model": "infrastructure.container", "pk": 74, "fields": {"name": "C-Fry12", "container_type": 9, "hall": 3, "area": null, "volume_m3": "15.00", "max_biomass_kg": "150.00", "active": true, "created_at": "2025-03-17T13:07:49.661Z", "updated_at": "2025-03-17T13:07:49.661Z"}}, {"model": "infrastructure.container", "pk": 75, "fields": {"name": "D-Parr01", "container_type": 10, "hall": 4, "area": null, "volume_m3": "50.00", "max_biomass_kg": "750.00", "active": true, "created_at": "2025-03-17T13:07:49.662Z", "updated_at": "2025-03-17T13:07:49.662Z"}}, {"model": "infrastructure.container", "pk": 76, "fields": {"name": "D-Parr02", "container_type": 10, "hall": 4, "area": null, "volume_m3": "50.00", "max_biomass_kg": "750.00", "active": true, "created_at": "2025-03-17T13:07:49.664Z", "updated_at": "2025-03-17T13:07:49.664Z"}}, {"model": "infrastructure.container", "pk": 77, "fields": {"name": "D-Parr03", "container_type": 10, "hall": 4, "area": null, "volume_m3": "50.00", "max_biomass_kg": "750.00", "active": true, "created_at": "2025-03-17T13:07:49.666Z", "updated_at": "2025-03-17T13:07:49.666Z"}}, {"model": "infrastructure.container", "pk": 78, "fields": {"name": "D-Parr04", "container_type": 10, "hall": 4, "area": null, "volume_m3": "50.00", "max_biomass_kg": "750.00", "active": true, "created_at": "2025-03-17T13:07:49.667Z", "updated_at": "2025-03-17T13:07:49.667Z"}}, {"model": "infrastructure.container", "pk": 79, "fields": {"name": "D-Parr05", "container_type": 10, "hall": 4, "area": null, "volume_m3": "50.00", "max_biomass_kg": "750.00", "active": true, "created_at": "2025-03-17T13:07:49.669Z", "updated_at": "2025-03-17T13:07:49.669Z"}}, {"model": "infrastructure.container", "pk": 80, "fields": {"name": "D-Parr06", "container_type": 10, "hall": 4, "area": null, "volume_m3": "50.00", "max_biomass_kg": "750.00", "active": true, "created_at": "2025-03-17T13:07:49.670Z", "updated_at": "2025-03-17T13:07:49.670Z"}}, {"model": "infrastructure.container", "pk": 81, "fields": {"name": "D-Parr07", "container_type": 10, "hall": 4, "area": null, "volume_m3": "50.00", "max_biomass_kg": "750.00", "active": true, "created_at": "2025-03-17T13:07:49.672Z", "updated_at": "2025-03-17T13:07:49.672Z"}}, {"model": "infrastructure.container", "pk": 82, "fields": {"name": "D-Parr08", "container_type": 10, "hall": 4, "area": null, "volume_m3": "50.00", "max_biomass_kg": "750.00", "active": true, "created_at": "2025-03-17T13:07:49.673Z", "updated_at": "2025-03-17T13:07:49.673Z"}}, {"model": "infrastructure.container", "pk": 83, "fields": {"name": "E-Parr01", "container_type": 10, "hall": 5, "area": null, "volume_m3": "50.00", "max_biomass_kg": "750.00", "active": true, "created_at": "2025-03-17T13:07:49.682Z", "updated_at": "2025-03-17T13:07:49.682Z"}}, {"model": "infrastructure.container", "pk": 84, "fields": {"name": "E-Parr02", "container_type": 10, "hall": 5, "area": null, "volume_m3": "50.00", "max_biomass_kg": "750.00", "active": true, "created_at": "2025-03-17T13:07:49.684Z", "updated_at": "2025-03-17T13:07:49.684Z"}}, {"model": "infrastructure.container", "pk": 85, "fields": {"name": "E-Parr03", "container_type": 10, "hall": 5, "area": null, "volume_m3": "50.00", "max_biomass_kg": "750.00", "active": true, "created_at": "2025-03-17T13:07:49.686Z", "updated_at": "2025-03-17T13:07:49.686Z"}}, {"model": "infrastructure.container", "pk": 86, "fields": {"name": "E-Parr04", "container_type": 10, "hall": 5, "area": null, "volume_m3": "50.00", "max_biomass_kg": "750.00", "active": true, "created_at": "2025-03-17T13:07:49.687Z", "updated_at": "2025-03-17T13:07:49.687Z"}}, {"model": "infrastructure.container", "pk": 87, "fields": {"name": "E-Parr05", "container_type": 10, "hall": 5, "area": null, "volume_m3": "50.00", "max_biomass_kg": "750.00", "active": true, "created_at": "2025-03-17T13:07:49.689Z", "updated_at": "2025-03-17T13:07:49.689Z"}}, {"model": "infrastructure.container", "pk": 88, "fields": {"name": "E-Parr06", "container_type": 10, "hall": 5, "area": null, "volume_m3": "50.00", "max_biomass_kg": "750.00", "active": true, "created_at": "2025-03-17T13:07:49.691Z", "updated_at": "2025-03-17T13:07:49.691Z"}}, {"model": "infrastructure.container", "pk": 89, "fields": {"name": "E-Parr07", "container_type": 10, "hall": 5, "area": null, "volume_m3": "50.00", "max_biomass_kg": "750.00", "active": true, "created_at": "2025-03-17T13:07:49.692Z", "updated_at": "2025-03-17T13:07:49.692Z"}}, {"model": "infrastructure.container", "pk": 90, "fields": {"name": "E-Parr08", "container_type": 10, "hall": 5, "area": null, "volume_m3": "50.00", "max_biomass_kg": "750.00", "active": true, "created_at": "2025-03-17T13:07:49.693Z", "updated_at": "2025-03-17T13:07:49.693Z"}}, {"model": "infrastructure.container", "pk": 91, "fields": {"name": "F-Smolt01", "container_type": 11, "hall": 6, "area": null, "volume_m3": "400.00", "max_biomass_kg": "8000.00", "active": true, "created_at": "2025-03-17T13:07:49.695Z", "updated_at": "2025-03-17T13:07:49.695Z"}}, {"model": "infrastructure.container", "pk": 92, "fields": {"name": "F-Smolt02", "container_type": 11, "hall": 6, "area": null, "volume_m3": "400.00", "max_biomass_kg": "8000.00", "active": true, "created_at": "2025-03-17T13:07:49.696Z", "updated_at": "2025-03-17T13:07:49.696Z"}}, {"model": "infrastructure.container", "pk": 93, "fields": {"name": "F-Smolt03", "container_type": 11, "hall": 6, "area": null, "volume_m3": "400.00", "max_biomass_kg": "8000.00", "active": true, "created_at": "2025-03-17T13:07:49.698Z", "updated_at": "2025-03-17T13:07:49.698Z"}}, {"model": "infrastructure.container", "pk": 94, "fields": {"name": "F-Smolt04", "container_type": 11, "hall": 6, "area": null, "volume_m3": "400.00", "max_biomass_kg": "8000.00", "active": true, "created_at": "2025-03-17T13:07:49.699Z", "updated_at": "2025-03-17T13:07:49.699Z"}}, {"model": "infrastructure.container", "pk": 95, "fields": {"name": "F-Smolt05", "container_type": 11, "hall": 6, "area": null, "volume_m3": "400.00", "max_biomass_kg": "8000.00", "active": true, "created_at": "2025-03-17T13:07:49.701Z", "updated_at": "2025-03-17T13:07:49.701Z"}}, {"model": "infrastructure.container", "pk": 96, "fields": {"name": "F-Smolt06", "container_type": 11, "hall": 6, "area": null, "volume_m3": "400.00", "max_biomass_kg": "8000.00", "active": true, "created_at": "2025-03-17T13:07:49.702Z", "updated_at": "2025-03-17T13:07:49.702Z"}}, {"model": "infrastructure.container", "pk": 97, "fields": {"name": "G-Smolt01", "container_type": 11, "hall": 7, "area": null, "volume_m3": "400.00", "max_biomass_kg": "8000.00", "active": true, "created_at": "2025-03-17T13:07:49.704Z", "updated_at": "2025-03-17T13:07:49.704Z"}}, {"model": "infrastructure.container", "pk": 98, "fields": {"name": "G-Smolt02", "container_type": 11, "hall": 7, "area": null, "volume_m3": "400.00", "max_biomass_kg": "8000.00", "active": true, "created_at": "2025-03-17T13:07:49.705Z", "updated_at": "2025-03-17T13:07:49.705Z"}}, {"model": "infrastructure.container", "pk": 99, "fields": {"name": "G-Smolt03", "container_type": 11, "hall": 7, "area": null, "volume_m3": "400.00", "max_biomass_kg": "8000.00", "active": true, "created_at": "2025-03-17T13:07:49.707Z", "updated_at": "2025-03-17T13:07:49.707Z"}}, {"model": "infrastructure.container", "pk": 100, "fields": {"name": "G-Smolt04", "container_type": 11, "hall": 7, "area": null, "volume_m3": "400.00", "max_biomass_kg": "8000.00", "active": true, "created_at": "2025-03-17T13:07:49.708Z", "updated_at": "2025-03-17T13:07:49.708Z"}}, {"model": "infrastructure.container", "pk": 101, "fields": {"name": "G-Smolt05", "container_type": 11, "hall": 7, "area": null, "volume_m3": "400.00", "max_biomass_kg": "8000.00", "active": true, "created_at": "2025-03-17T13:07:49.710Z", "updated_at": "2025-03-17T13:07:49.710Z"}}, {"model": "infrastructure.container", "pk": 102, "fields": {"name": "G-Smolt06", "container_type": 11, "hall": 7, "area": null, "volume_m3": "400.00", "max_biomass_kg": "8000.00", "active": true, "created_at": "2025-03-17T13:07:49.711Z", "updated_at": "2025-03-17T13:07:49.711Z"}}, {"model": "infrastructure.container", "pk": 103, "fields": {"name": "H-Smolt01", "container_type": 11, "hall": 8, "area": null, "volume_m3": "400.00", "max_biomass_kg": "8000.00", "active": true, "created_at": "2025-03-17T13:07:49.713Z", "updated_at": "2025-03-17T13:07:49.713Z"}}, {"model": "infrastructure.container", "pk": 104, "fields": {"name": "H-Smolt02", "container_type": 11, "hall": 8, "area": null, "volume_m3": "400.00", "max_biomass_kg": "8000.00", "active": true, "created_at": "2025-03-17T13:07:49.714Z", "updated_at": "2025-03-17T13:07:49.714Z"}}, {"model": "infrastructure.container", "pk": 105, "fields": {"name": "H-Smolt03", "container_type": 11, "hall": 8, "area": null, "volume_m3": "400.00", "max_biomass_kg": "8000.00", "active": true, "created_at": "2025-03-17T13:07:49.716Z", "updated_at": "2025-03-17T13:07:49.716Z"}}, {"model": "infrastructure.container", "pk": 106, "fields": {"name": "H-Smolt04", "container_type": 11, "hall": 8, "area": null, "volume_m3": "400.00", "max_biomass_kg": "8000.00", "active": true, "created_at": "2025-03-17T13:07:49.718Z", "updated_at": "2025-03-17T13:07:49.718Z"}}, {"model": "infrastructure.container", "pk": 107, "fields": {"name": "H-Smolt05", "container_type": 11, "hall": 8, "area": null, "volume_m3": "400.00", "max_biomass_kg": "8000.00", "active": true, "created_at": "2025-03-17T13:07:49.720Z", "updated_at": "2025-03-17T13:07:49.720Z"}}, {"model": "infrastructure.container", "pk": 108, "fields": {"name": "H-Smolt06", "container_type": 11, "hall": 8, "area": null, "volume_m3": "400.00", "max_biomass_kg": "8000.00", "active": true, "created_at": "2025-03-17T13:07:49.722Z", "updated_at": "2025-03-17T13:07:49.722Z"}}, {"model": "infrastructure.container", "pk": 109, "fields": {"name": "I-PostSmolt01", "container_type": 12, "hall": 9, "area": null, "volume_m3": "1200.00", "max_biomass_kg": "30000.00", "active": true, "created_at": "2025-03-17T13:07:49.723Z", "updated_at": "2025-03-17T13:07:49.723Z"}}, {"model": "infrastructure.container", "pk": 110, "fields": {"name": "I-PostSmolt02", "container_type": 12, "hall": 9, "area": null, "volume_m3": "1200.00", "max_biomass_kg": "30000.00", "active": true, "created_at": "2025-03-17T13:07:49.725Z", "updated_at": "2025-03-17T13:07:49.725Z"}}, {"model": "infrastructure.container", "pk": 111, "fields": {"name": "I-PostSmolt03", "container_type": 12, "hall": 9, "area": null, "volume_m3": "1200.00", "max_biomass_kg": "30000.00", "active": true, "created_at": "2025-03-17T13:07:49.727Z", "updated_at": "2025-03-17T13:07:49.727Z"}}, {"model": "infrastructure.container", "pk": 112, "fields": {"name": "I-PostSmolt04", "container_type": 12, "hall": 9, "area": null, "volume_m3": "1200.00", "max_biomass_kg": "30000.00", "active": true, "created_at": "2025-03-17T13:07:49.728Z", "updated_at": "2025-03-17T13:07:49.728Z"}}, {"model": "infrastructure.container", "pk": 113, "fields": {"name": "I-PostSmolt05", "container_type": 12, "hall": 9, "area": null, "volume_m3": "1200.00", "max_biomass_kg": "30000.00", "active": true, "created_at": "2025-03-17T13:07:49.731Z", "updated_at": "2025-03-17T13:07:49.731Z"}}, {"model": "infrastructure.container", "pk": 114, "fields": {"name": "I-PostSmolt06", "container_type": 12, "hall": 9, "area": null, "volume_m3": "1200.00", "max_biomass_kg": "30000.00", "active": true, "created_at": "2025-03-17T13:07:49.733Z", "updated_at": "2025-03-17T13:07:49.733Z"}}, {"model": "infrastructure.container", "pk": 115, "fields": {"name": "J-PostSmolt01", "container_type": 12, "hall": 10, "area": null, "volume_m3": "1200.00", "max_biomass_kg": "30000.00", "active": true, "created_at": "2025-03-17T13:07:49.735Z", "updated_at": "2025-03-17T13:07:49.735Z"}}, {"model": "infrastructure.container", "pk": 116, "fields": {"name": "J-PostSmolt02", "container_type": 12, "hall": 10, "area": null, "volume_m3": "1200.00", "max_biomass_kg": "30000.00", "active": true, "created_at": "2025-03-17T13:07:49.737Z", "updated_at": "2025-03-17T13:07:49.737Z"}}, {"model": "infrastructure.container", "pk": 117, "fields": {"name": "J-PostSmolt03", "container_type": 12, "hall": 10, "area": null, "volume_m3": "1200.00", "max_biomass_kg": "30000.00", "active": true, "created_at": "2025-03-17T13:07:49.738Z", "updated_at": "2025-03-17T13:07:49.738Z"}}, {"model": "infrastructure.container", "pk": 118, "fields": {"name": "J-PostSmolt04", "container_type": 12, "hall": 10, "area": null, "volume_m3": "1200.00", "max_biomass_kg": "30000.00", "active": true, "created_at": "2025-03-17T13:07:49.740Z", "updated_at": "2025-03-17T13:07:49.740Z"}}, {"model": "infrastructure.container", "pk": 119, "fields": {"name": "J-PostSmolt05", "container_type": 12, "hall": 10, "area": null, "volume_m3": "1200.00", "max_biomass_kg": "30000.00", "active": true, "created_at": "2025-03-17T13:07:49.741Z", "updated_at": "2025-03-17T13:07:49.741Z"}}, {"model": "infrastructure.container", "pk": 120, "fields": {"name": "J-PostSmolt06", "container_type": 12, "hall": 10, "area": null, "volume_m3": "1200.00", "max_biomass_kg": "30000.00", "active": true, "created_at": "2025-03-17T13:07:49.743Z", "updated_at": "2025-03-17T13:07:49.743Z"}}, {"model": "infrastructure.container", "pk": 121, "fields": {"name": "K-PostSmolt01", "container_type": 12, "hall": 11, "area": null, "volume_m3": "1200.00", "max_biomass_kg": "30000.00", "active": true, "created_at": "2025-03-17T13:07:49.745Z", "updated_at": "2025-03-17T13:07:49.745Z"}}, {"model": "infrastructure.container", "pk": 122, "fields": {"name": "K-PostSmolt02", "container_type": 12, "hall": 11, "area": null, "volume_m3": "1200.00", "max_biomass_kg": "30000.00", "active": true, "created_at": "2025-03-17T13:07:49.746Z", "updated_at": "2025-03-17T13:07:49.746Z"}}, {"model": "infrastructure.container", "pk": 123, "fields": {"name": "K-PostSmolt03", "container_type": 12, "hall": 11, "area": null, "volume_m3": "1200.00", "max_biomass_kg": "30000.00", "active": true, "created_at": "2025-03-17T13:07:49.748Z", "updated_at": "2025-03-17T13:07:49.748Z"}}, {"model": "infrastructure.container", "pk": 124, "fields": {"name": "K-PostSmolt04", "container_type": 12, "hall": 11, "area": null, "volume_m3": "1200.00", "max_biomass_kg": "30000.00", "active": true, "created_at": "2025-03-17T13:07:49.749Z", "updated_at": "2025-03-17T13:07:49.749Z"}}, {"model": "infrastructure.container", "pk": 125, "fields": {"name": "K-PostSmolt05", "container_type": 12, "hall": 11, "area": null, "volume_m3": "1200.00", "max_biomass_kg": "30000.00", "active": true, "created_at": "2025-03-17T13:07:49.750Z", "updated_at": "2025-03-17T13:07:49.750Z"}}, {"model": "infrastructure.container", "pk": 126, "fields": {"name": "K-PostSmolt06", "container_type": 12, "hall": 11, "area": null, "volume_m3": "1200.00", "max_biomass_kg": "30000.00", "active": true, "created_at": "2025-03-17T13:07:49.752Z", "updated_at": "2025-03-17T13:07:49.752Z"}}, {"model": "infrastructure.container", "pk": 127, "fields": {"name": "A57-SeaPen01", "container_type": 13, "hall": null, "area": 1, "volume_m3": "42000.00", "max_biomass_kg": "800000.00", "active": true, "created_at": "2025-03-17T13:07:49.754Z", "updated_at": "2025-03-17T13:07:49.754Z"}}, {"model": "infrastructure.container", "pk": 128, "fields": {"name": "A57-SeaPen02", "container_type": 13, "hall": null, "area": 1, "volume_m3": "42000.00", "max_biomass_kg": "800000.00", "active": true, "created_at": "2025-03-17T13:07:49.756Z", "updated_at": "2025-03-17T13:07:49.756Z"}}, {"model": "infrastructure.container", "pk": 129, "fields": {"name": "A57-SeaPen03", "container_type": 13, "hall": null, "area": 1, "volume_m3": "42000.00", "max_biomass_kg": "800000.00", "active": true, "created_at": "2025-03-17T13:07:49.757Z", "updated_at": "2025-03-17T13:07:49.757Z"}}, {"model": "infrastructure.container", "pk": 130, "fields": {"name": "A57-SeaPen04", "container_type": 13, "hall": null, "area": 1, "volume_m3": "42000.00", "max_biomass_kg": "800000.00", "active": true, "created_at": "2025-03-17T13:07:49.759Z", "updated_at": "2025-03-17T13:07:49.759Z"}}, {"model": "infrastructure.container", "pk": 131, "fields": {"name": "A57-SeaPen05", "container_type": 13, "hall": null, "area": 1, "volume_m3": "42000.00", "max_biomass_kg": "800000.00", "active": true, "created_at": "2025-03-17T13:07:49.760Z", "updated_at": "2025-03-17T13:07:49.760Z"}}, {"model": "infrastructure.container", "pk": 132, "fields": {"name": "A57-SeaPen06", "container_type": 13, "hall": null, "area": 1, "volume_m3": "42000.00", "max_biomass_kg": "800000.00", "active": true, "created_at": "2025-03-17T13:07:49.762Z", "updated_at": "2025-03-17T13:07:49.762Z"}}, {"model": "infrastructure.container", "pk": 133, "fields": {"name": "A57-SeaPen07", "container_type": 13, "hall": null, "area": 1, "volume_m3": "42000.00", "max_biomass_kg": "800000.00", "active": true, "created_at": "2025-03-17T13:07:49.764Z", "updated_at": "2025-03-17T13:07:49.764Z"}}, {"model": "infrastructure.container", "pk": 134, "fields": {"name": "A57-SeaPen08", "container_type": 13, "hall": null, "area": 1, "volume_m3": "42000.00", "max_biomass_kg": "800000.00", "active": true, "created_at": "2025-03-17T13:07:49.765Z", "updated_at": "2025-03-17T13:07:49.765Z"}}, {"model": "infrastructure.container", "pk": 135, "fields": {"name": "A57-SeaPen09", "container_type": 13, "hall": null, "area": 1, "volume_m3": "42000.00", "max_biomass_kg": "800000.00", "active": true, "created_at": "2025-03-17T13:07:49.766Z", "updated_at": "2025-03-17T13:07:49.766Z"}}, {"model": "infrastructure.container", "pk": 136, "fields": {"name": "A57-SeaPen10", "container_type": 13, "hall": null, "area": 1, "volume_m3": "42000.00", "max_biomass_kg": "800000.00", "active": true, "created_at": "2025-03-17T13:07:49.768Z", "updated_at": "2025-03-17T13:07:49.768Z"}}, {"model": "infrastructure.container", "pk": 137, "fields": {"name": "A57-SeaPen11", "container_type": 13, "hall": null, "area": 1, "volume_m3": "42000.00", "max_biomass_kg": "800000.00", "active": true, "created_at": "2025-03-17T13:07:49.769Z", "updated_at": "2025-03-17T13:07:49.769Z"}}, {"model": "infrastructure.container", "pk": 138, "fields": {"name": "A57-SeaPen12", "container_type": 13, "hall": null, "area": 1, "volume_m3": "42000.00", "max_biomass_kg": "800000.00", "active": true, "created_at": "2025-03-17T13:07:49.770Z", "updated_at": "2025-03-17T13:07:49.770Z"}}, {"model": "infrastructure.container", "pk": 139, "fields": {"name": "A57-SeaPen13", "container_type": 13, "hall": null, "area": 1, "volume_m3": "42000.00", "max_biomass_kg": "800000.00", "active": true, "created_at": "2025-03-17T13:07:49.772Z", "updated_at": "2025-03-17T13:07:49.772Z"}}, {"model": "infrastructure.container", "pk": 140, "fields": {"name": "A57-SeaPen14", "container_type": 13, "hall": null, "area": 1, "volume_m3": "42000.00", "max_biomass_kg": "800000.00", "active": true, "created_at": "2025-03-17T13:07:49.773Z", "updated_at": "2025-03-17T13:07:49.773Z"}}, {"model": "infrastructure.container", "pk": 141, "fields": {"name": "A57-SeaPen15", "container_type": 13, "hall": null, "area": 1, "volume_m3": "42000.00", "max_biomass_kg": "800000.00", "active": true, "created_at": "2025-03-17T13:07:49.775Z", "updated_at": "2025-03-17T13:07:49.775Z"}}, {"model": "infrastructure.container", "pk": 142, "fields": {"name": "A57-SeaPen16", "container_type": 13, "hall": null, "area": 1, "volume_m3": "42000.00", "max_biomass_kg": "800000.00", "active": true, "created_at": "2025-03-17T13:07:49.776Z", "updated_at": "2025-03-17T13:07:49.776Z"}}, {"model": "infrastructure.container", "pk": 143, "fields": {"name": "A57-SeaPen17", "container_type": 13, "hall": null, "area": 1, "volume_m3": "42000.00", "max_biomass_kg": "800000.00", "active": true, "created_at": "2025-03-17T13:07:49.777Z", "updated_at": "2025-03-17T13:07:49.777Z"}}, {"model": "infrastructure.container", "pk": 144, "fields": {"name": "A57-SeaPen18", "container_type": 13, "hall": null, "area": 1, "volume_m3": "42000.00", "max_biomass_kg": "800000.00", "active": true, "created_at": "2025-03-17T13:07:49.779Z", "updated_at": "2025-03-17T13:07:49.779Z"}}, {"model": "infrastructure.container", "pk": 145, "fields": {"name": "A57-SeaPen19", "container_type": 13, "hall": null, "area": 1, "volume_m3": "42000.00", "max_biomass_kg": "800000.00", "active": true, "created_at": "2025-03-17T13:07:49.780Z", "updated_at": "2025-03-17T13:07:49.780Z"}}, {"model": "infrastructure.container", "pk": 146, "fields": {"name": "A57-SeaPen20", "container_type": 13, "hall": null, "area": 1, "volume_m3": "42000.00", "max_biomass_kg": "800000.00", "active": true, "created_at": "2025-03-17T13:07:49.781Z", "updated_at": "2025-03-17T13:07:49.781Z"}}, {"model": "infrastructure.container", "pk": 147, "fields": {"name": "A57-SeaPen21", "container_type": 13, "hall": null, "area": 1, "volume_m3": "42000.00", "max_biomass_kg": "800000.00", "active": true, "created_at": "2025-03-17T13:07:49.783Z", "updated_at": "2025-03-17T13:07:49.783Z"}}, {"model": "infrastructure.container", "pk": 148, "fields": {"name": "A57-SeaPen22", "container_type": 13, "hall": null, "area": 1, "volume_m3": "42000.00", "max_biomass_kg": "800000.00", "active": true, "created_at": "2025-03-17T13:07:49.784Z", "updated_at": "2025-03-17T13:07:49.784Z"}}, {"model": "infrastructure.container", "pk": 149, "fields": {"name": "A57-SeaPen23", "container_type": 13, "hall": null, "area": 1, "volume_m3": "42000.00", "max_biomass_kg": "800000.00", "active": true, "created_at": "2025-03-17T13:07:49.786Z", "updated_at": "2025-03-17T13:07:49.786Z"}}, {"model": "infrastructure.container", "pk": 150, "fields": {"name": "A57-SeaPen24", "container_type": 13, "hall": null, "area": 1, "volume_m3": "42000.00", "max_biomass_kg": "800000.00", "active": true, "created_at": "2025-03-17T13:07:49.787Z", "updated_at": "2025-03-17T13:07:49.787Z"}}, {"model": "batch.species", "pk": 1, "fields": {"name": "Atlantic Salmon", "scientific_name": "Salmo salar", "description": "", "optimal_temperature_min": "5.00", "optimal_temperature_max": "12.00", "optimal_oxygen_min": "3.00", "optimal_ph_min": "6.00", "optimal_ph_max": "8.00", "created_at": "2025-03-17T12:26:41.084Z", "updated_at": "2025-03-17T12:26:41.084Z"}}, {"model": "batch.lifecyclestage", "pk": 1, "fields": {"name": "Egg&Alevin", "species": 1, "order": 1, "description": "", "expected_weight_min_g": "0.10", "expected_weight_max_g": "1.00", "expected_length_min_cm": "0.10", "expected_length_max_cm": "1.00", "created_at": "2025-03-17T12:35:30.666Z", "updated_at": "2025-03-17T12:35:30.666Z"}}, {"model": "batch.lifecyclestage", "pk": 2, "fields": {"name": "Fry", "species": 1, "order": 2, "description": "", "expected_weight_min_g": "0.10", "expected_weight_max_g": "10.00", "expected_length_min_cm": "2.00", "expected_length_max_cm": "12.00", "created_at": "2025-03-17T12:38:33.924Z", "updated_at": "2025-03-17T12:38:33.924Z"}}, {"model": "batch.lifecyclestage", "pk": 3, "fields": {"name": "Parr", "species": 1, "order": 3, "description": "", "expected_weight_min_g": "10.00", "expected_weight_max_g": "30.00", "expected_length_min_cm": "12.00", "expected_length_max_cm": "15.00", "created_at": "2025-03-17T12:39:09.239Z", "updated_at": "2025-03-17T12:39:09.239Z"}}, {"model": "batch.lifecyclestage", "pk": 4, "fields": {"name": "Smolt", "species": 1, "order": 4, "description": "", "expected_weight_min_g": "30.00", "expected_weight_max_g": "60.00", "expected_length_min_cm": "15.00", "expected_length_max_cm": "20.00", "created_at": "2025-03-17T12:39:57.926Z", "updated_at": "2025-03-17T12:39:57.926Z"}}, {"model": "batch.lifecyclestage", "pk": 5, "fields": {"name": "Post-Smolt", "species": 1, "order": 5, "description": "", "expected_weight_min_g": "60.00", "expected_weight_max_g": "100.00", "expected_length_min_cm": "16.00", "expected_length_max_cm": "23.00", "created_at": "2025-03-17T12:40:24.252Z", "updated_at": "2025-03-17T12:40:24.252Z"}}, {"model": "batch.lifecyclestage", "pk": 6, "fields": {"name": "Adult", "species": 1, "order": 6, "description": "", "expected_weight_min_g": "100.00", "expected_weight_max_g": "9000.00", "expected_length_min_cm": "20.00", "expected_length_max_cm": "100.00", "created_at": "2025-03-17T12:41:16.320Z", "updated_at": "2025-03-17T12:41:16.320Z"}}]